<?xml version="1.0"?>
<!--
 Licensed to the Apache Software Foundation (ASF) under one or more
  contributor license agreements.  See the NOTICE file distributed with
  this work for additional information regarding copyright ownership.
  The ASF licenses this file to You under the Apache License, Version 2.0
  (the "License"); you may not use this file except in compliance with
  the License.  You may obtain a copy of the License at

      http://www.apache.org/licenses/LICENSE-2.0

  Unless required by applicable law or agreed to in writing, software
  distributed under the License is distributed on an "AS IS" BASIS,
  WITHOUT WARRANTIES OR CONDITIONS OF ANY KIND, either express or implied.
  See the License for the specific language governing permissions and
  limitations under the License.
-->
<!DOCTYPE module PUBLIC
    "-//Puppy Crawl//DTD Check Configuration 1.2//EN"
    "http://www.puppycrawl.com/dtds/configuration_1_2.dtd">
<module name="Checker">
  <!-- When adding checks, keep to the order checks are listed under         -->
  <!-- 'Standard Checks' in the Checkstyle documentation:                    -->
  <!-- http://checkstyle.sourceforge.net/config_coding.html                  -->

  <!-- Whitespace -->
  <module name="FileTabCharacter"/>

  <module name="TreeWalker">
    <!-- Coding -->
    <module name="IllegalInstantiation">
        <property name="classes" value="java.lang.Boolean"/>
    </module>
    
    <!-- Imports -->
    <module name="AvoidStarImport"/>
    <module name="AvoidStaticImport"/>
    <module name="IllegalImport"/>
    <module name="ImportOrder">
        <property name="groups" value="java,javax,async,jsp2,junit,org,util"/>
        <property name="ordered" value="true"/>
        <property name="separated" value="true"/>
        <property name="option" value="above"/>
    </module>
    <module name="RedundantImport"/>
    <module name="UnusedImports"/>
    
    <!--  Modifiers -->
    <!-- ~250 errors
    <module name="ModifierOrder"/>
    -->
    <!-- ~1750 errors
    <module name="RedundantModifier"/>
    -->
    
    <!-- Whitespace -->
    <!-- Can't handle HashMap<String,Class<?>[]>
    https://sourceforge.net/tracker/?func=detail&aid=3039718&group_id=29721&atid=397078
    <module name="GenericWhitespace"/>
    -->
    <module name="EmptyForInitializerPad"/>
    <module name="EmptyForIteratorPad"/>
  </module>
</module>